ID,Comments
1,Text
2,Happy EasterğŸ˜€ğŸ‡ğŸ¥š
3,#eggs Easter eggs today will surely be delicious. #Eggs #Eggs #Eggs.ğŸ¥šğŸ¥šğŸ¥šğŸ³ğŸ³ğŸ³
4,We hope everyone has a Hoppy Easter! ğŸ˜‰ğŸ°ğŸ¥šğŸ£ğŸŒ· #HappyEaster l #limerockpark
5,"ğŸ°ğŸ¥š Get ready to hop into the most egg-citing digital art drop this #Easter! I just entered hoppin' Easter NFT Giveaway for a chance to win a limited edition, seasonal #WAXNFT. Enter here:"
6,For Easter I decided Iâ€™ll impregnate one of you. Happy Easter ğŸ¥š
7,Happy Easter ğŸ°ğŸ¥šğŸ’–
8,Happy Easter ğŸ£ğŸ‡ğŸ°ğŸ¥ğŸ¥š
9,ğŸ°ğŸ‰ Happy Easter Everyone! ğŸ‰ğŸ° Wishing you all a joyful and egg-citing celebration! ğŸŒ· Public mint starts at 4 PM East Time! ğŸš€ Complete the collection for a fantastic reward! ğŸ Find the 3 hidden Easter eggs ğŸ¥šğŸ” to win a rare Genesis Chief Bull  unlock more surprises! ğŸŒŸ
10,"Hoppy Easter! Wishing you a day filled with love, joy, and lots of chocolate. ğŸ°ğŸ¥šğŸŒ· #HappyEaster #EasterWeekend #DigitalMarketing"
11,Same to you!ğŸ¤—ğŸ°ğŸ‡ğŸ¥š
12,Happy Easter 13 ğŸ°ğŸ£ğŸ¥š
13,"ğŸ™Œ ğ—ğ—œğ——'ğ—¦ ğ—šğ—¢ ğ—™ğ—¥ğ—˜ğ—˜ We're offering FREE entry for U16's with an adult, as well as fun for all the family at no extra cost. ğŸ¥š Easter Egg Hunt (1:30-2:30pm) ğŸ¨ Easter crafts - 1891 Lounge ğŸª„ Pre-match magician ğŸº Cider  Sausage stand (not freeğŸ˜…)"
14,Great Morning â›…ï¸ Happy Easter ğŸ° ğŸ£
